station_id,name,municipality,longitude,latitude,source
330010001A,Frade,Angra dos Reis,-44.44,-22.966,CEMADEN
330010002A,Camorim,Angra dos Reis,-44.264,-22.998,CEMADEN
330010003A,Bracuí,Angra dos Reis,-44.387,-22.933,CEMADEN
330010004A,Areal,Angra dos Reis,-44.292,-22.982,CEMADEN
330010006A,Parque Pereque,Angra dos Reis,-44.533,-23.014,CEMADEN
330010007A,BNH,Angra dos Reis,-44.241,-22.992,CEMADEN
330010008A,Portogalo,Angra dos Reis,-44.195,-23.037,CEMADEN
330010008G,Colégio Naval (U),Angra dos Reis,-44.327699,-23.020657,CEMADEN
330010009A,Vila Histórica,Angra dos Reis,-44.51829,-23.0247,CEMADEN
330010010A,Vila Velha,Angra dos Reis,-44.349,-23.024,CEMADEN
330010011A,Praia da Chacara,Angra dos Reis,-44.305,-22.99993,CEMADEN
330010012A,Monsuaba,Angra dos Reis,-44.222,-23.01,CEMADEN
330010014A,Serra d`agua,Angra dos Reis,-44.278,-22.889,CEMADEN
330010015A,Pontal,Angra dos Reis,-44.329,-22.948,CEMADEN
330010017A,Enseada,Angra dos Reis,-44.32,-22.987,CEMADEN
330010020A,Itanema,Angra dos Reis,-44.359,-22.923,CEMADEN
330010021A,Praia de Garatucaia,Angra dos Reis,-44.177,-23.037,CEMADEN
330010023A,Mombaça,Angra dos Reis,-44.291,-23.017,CEMADEN
330010026A,Vila do Abraão,Angra dos Reis,-44.169,-23.139,CEMADEN
330010028A,Caputera,Angra dos Reis,-44.218,-22.987,CEMADEN
330010029A,Ponta Leste,Angra dos Reis,-44.243,-23.052,CEMADEN
330015901A,Verdes Campos,Aperibé,-42.118248,-21.61792,CEMADEN
330020902A,Mataruna,Araruama,-42.3412,-22.8596,CEMADEN
330022503A,SAAESA,Areal,-43.092,-22.227,CEMADEN
330030801A,Defesa Civil,Barra do Piraí,-43.837,-22.455045,CEMADEN
330030803A,BARRA DO PIRAÍ,Barra do Piraí,-43.8035,-22.5222,CEMADEN
330040705A,Vila Maria,Barra Mansa,-44.19784,-22.51362,CEMADEN
330040706A,Vila Orlandélia,Barra Mansa,-44.16231,-22.53582,CEMADEN
330045602A,Parque Amorim,Belford Roxo,-43.334,-22.707,CEMADEN
330045603A,Nova Aurora,Belford Roxo,-43.398,-22.721,CEMADEN
330045604A,Parque Fluminense,Belford Roxo,-43.331,-22.73,CEMADEN
330045605A,Vila Pauline,Belford Roxo,-43.366,-22.738,CEMADEN
330045606A,Santa Emilia,Belford Roxo,-43.35249,-22.71599,CEMADEN
330045607A,Vila Santa Rita,Belford Roxo,-43.42256,-22.74901,CEMADEN
330050601A,São Miguel,Bom Jardim,-42.418,-22.164,CEMADEN
330050602A,São José do Ribeirão,Bom Jardim,-42.396,-22.205,CEMADEN
330050603A,EMATER,Bom Jardim,-42.419,-22.156,CEMADEN
330050604A,Centro,Bom Jardim,-42.422,-22.15,CEMADEN
330060501A,Lia Márcia,Bom Jesus do Itabapoana,-41.677899,-21.136543,CEMADEN
330080305A,Valério,Cachoeiras de Macacu,-42.636,-22.439,CEMADEN
330080306A,São Francisco de Assis,Cachoeiras de Macacu,-42.655,-22.474,CEMADEN
330093601A,G2-330093601A,Carapebus,-41.668146,-22.192305,CEMADEN
330093602A,G2-330093602A,Carapebus,-41.581375,-22.159486,CEMADEN
330093603A,G2-330093603A,Carapebus,-41.667283,-22.215283,CEMADEN
330100902A,Arraial,Campos dos Goytacazes,-41.314,-21.6025,CEMADEN
330100903A,Morro do Coco,Campos dos Goytacazes,-41.3465,-21.3759,CEMADEN
330100906A,Serrinha,Campos dos Goytacazes,-41.6853,-22.0208,CEMADEN
330110805A,Boa sorte,Cantagalo,-42.274,-21.854,CEMADEN
330130601A,G2-330130601A,Casimiro de Abreu,-42.204914,-22.49312,CEMADEN
330130602A,G2-330130602A,Casimiro de Abreu,-42.128593,-22.491108,CEMADEN
330130603A,G2-330130603A,Casimiro de Abreu,-41.98992,-22.540541,CEMADEN
330140501A,G2-330140501A,Conceição de Macabu,-41.883737,-22.079941,CEMADEN
330140502A,G2-330140502A,Conceição de Macabu,-41.738861,-22.086926,CEMADEN
330140503A,G2-330140503A,Conceição de Macabu,-41.819336,-22.124741,CEMADEN
330150401A,Retiro Poético,Cordeiro,-42.383,-22.034,CEMADEN
330150402A,Centro,Cordeiro,-42.35958,-22.02632,CEMADEN
330160301A,EMATER,Duas Barras,-42.522,-22.051,CEMADEN
330170203A,Sarapui,Duque de Caxias,-43.299,-22.749,CEMADEN
330170211A,São Judas Tadeu,Duque de Caxias,-43.285,-22.661,CEMADEN
330170214A,Jardim Olavo Bilac,Duque de Caxias,-43.327,-22.775,CEMADEN
330185004A,Vale das Pedrinhas,Guapimirim,-42.993,-22.655,CEMADEN
330185006A,Rod. Rio Teresópolis,Guapimirim,-42.996,-22.482,CEMADEN
330190007A,Apolo II,Itaboraí,-42.938,-22.776,CEMADEN
330200704A,Ilha da Madeira,Itaguaí,-43.8504,-22.9213,CEMADEN
330205601A,São Caetano,Italva,-41.690444,-21.430917,CEMADEN
330220501A,Aeroporto,Itaperuna,-41.876416,-21.216427,CEMADEN
330225401A,Centro,Itatiaia,-44.5636,-22.4913,CEMADEN
330225403A,Maromba,Itatiaia,-44.6141,-22.3385,CEMADEN
330245201A,Bairro Reta,Macuco,-42.259,-21.989,CEMADEN
330250201A,Pau Grande,Magé,-43.166,-22.586,CEMADEN
330250203A,Fragoso,Magé,-43.183,-22.594,CEMADEN
330250206A,Vila Nova,Magé,-43.134,-22.667,CEMADEN
330250209A,Centro,Magé,-43.037,-22.656,CEMADEN
330250211A,Rio dos Cavaleiros,Magé,-43.118,-22.598,CEMADEN
330260101A,Praia do Saco,Mangaratiba,-44.038,-22.945,CEMADEN
330260102A,Muriqui,Mangaratiba,-43.949,-22.919,CEMADEN
330270002A,Itaipuaçu3,Maricá,-42.969104,-22.964252,CEMADEN
330270005A,Itaipuaçu,Maricá,-42.927,-22.971,CEMADEN
330270006A,Itaipuaçu2,Maricá,-43.01,-22.966,CEMADEN
330270007A,Inoá,Maricá,-42.94,-22.898,CEMADEN
330270008A,Espraiado,Maricá,-42.71,-22.889,CEMADEN
330285801A,Centro,Mesquita,-43.427,-22.783,CEMADEN
330285802A,Jacutinga,Mesquita,-43.4143,-22.7694,CEMADEN
330290801A,G2-330290801A,Miguel Pereira,-43.449611,-22.445806,CEMADEN
330290802A,G2-330290802A,Miguel Pereira,-43.472972,-22.456167,CEMADEN
330290803A,G2-330290803A,Miguel Pereira,-43.568639,-22.534944,CEMADEN
330320302A,Paiol,Nilópolis,-43.3962,-22.8109,CEMADEN
330320303A,Prefeitura Municipal,Nilópolis,-43.4195,-22.8078,CEMADEN
330330201G,Capela Sto Expedito - Fonseca,Niterói,-43.09626,-22.886595,CEMADEN
330330202G,Ititioca,Niterói,-43.079606,-22.899658,CEMADEN
330330203A,Largo da Batalha,Niterói,-43.067,-22.907,CEMADEN
330330204A,Morro do Castro,Niterói,-43.07,-22.869,CEMADEN
330330208A,Itaipu,Niterói,-43.028,-22.954,CEMADEN
330330213A,Charitas,Niterói,-43.098,-22.934,CEMADEN
330330214A,Piratininga 1,Niterói,-43.064,-22.929,CEMADEN
330330216A,Fonseca,Niterói,-43.083,-22.883,CEMADEN
330340101G,Bairro Suiço - GEO,Nova Friburgo,-42.525447,-22.279937,CEMADEN
330340102A,Vale dos Pinheiros,Nova Friburgo,-42.548,-22.29,CEMADEN
330340103G,Prainha - GEO,Nova Friburgo,-42.641299,-22.233999,CEMADEN
330340104A,São Geraldo,Nova Friburgo,-42.547,-22.239,CEMADEN
330340105A,Olaria,Nova Friburgo,-42.542,-22.308,CEMADEN
330340105G,Jardim California - GEO,Nova Friburgo,-42.536688,-22.235289,CEMADEN
330340106A,Vila Nova,Nova Friburgo,-42.534,-22.269,CEMADEN
330340109G,Maringá - GEO,Nova Friburgo,-42.502533,-22.197343,CEMADEN
330340114A,Varginha,Nova Friburgo,-42.505,-22.294,CEMADEN
330340115A,Centro - NF,Nova Friburgo,-42.531545,-22.287397,CEMADEN
330340119A,São Pedro da Serra,Nova Friburgo,-42.331,-22.318,CEMADEN
330340120A,Jardim Califórnia,Nova Friburgo,-42.536,-22.239,CEMADEN
330340122A,Caledônia2,Nova Friburgo,-42.56,-22.359,CEMADEN
330350001A,Riachão,Nova Iguaçu,-43.499,-22.748,CEMADEN
330350003A,Miguel Couto,Nova Iguaçu,-43.431,-22.702,CEMADEN
330350006A,Palhada,Nova Iguaçu,-43.523,-22.765,CEMADEN
330350007A,Jardim Ocidental,Nova Iguaçu,-43.455,-22.709,CEMADEN
330350008A,Austin,Nova Iguaçu,-43.523,-22.718,CEMADEN
330380702A,Mangueira,Paraty,-44.73483,-23.21509,CEMADEN
330380704A,Laranjeiras,Paraty,-44.678,-23.333,CEMADEN
330385603A,Lot. Novo Arcozelo,Paty do Alferes,-43.42266,-22.406697,CEMADEN
330390602A,Alto da Serra,Petrópolis,-43.171,-22.53,CEMADEN
330390604G,São Sebastião - Geo,Petrópolis,-43.19324,-22.536909,CEMADEN
330390605G,Bingen - Geo,Petrópolis,-43.209475,-22.51221,CEMADEN
330390606G,LNCC - Geo,Petrópolis,-43.218678,-22.52881,CEMADEN
330390607G,LNCC - Geo 2,Petrópolis,-43.219328,-22.528404,CEMADEN
330390609A,Vila Constância,Petrópolis,-43.097,-22.401,CEMADEN
330390611A,Itaipava,Petrópolis,-43.132,-22.388,CEMADEN
330390612A,Independência2,Petrópolis,-43.209,-22.548,CEMADEN
330390614A,CIEP Brizolão137,Petrópolis,-43.143,-22.454,CEMADEN
330390619A,Nogueira,Petrópolis,-43.122,-22.418,CEMADEN
330390620A,Morin,Petrópolis,-43.161,-22.527,CEMADEN
330390622A,Itaipava2,Petrópolis,-43.112,-22.369,CEMADEN
330390623A,Pedro do Rio,Petrópolis,-43.134,-22.335,CEMADEN
330390624A,Estrada da Cachoeira,Petrópolis,-43.095,-22.353,CEMADEN
330400301A,Arrozal,Piraí,-44.03474,-22.59642,CEMADEN
330411001A,Centro,Porto Real,-44.303464,-22.417791,CEMADEN
330420102A,Cidade Alegria,Resende,-44.4926,-22.4812,CEMADEN
330420105A,Visconde de Mauá,Resende,-44.536,-22.3308,CEMADEN
330420118H,Rio Sesmarias,Resende,-44.4701,-22.4806,CEMADEN
330430001A,Centro,Rio Bonito,-42.62471,-22.70755,CEMADEN
330440901A,Centro,Rio Claro,-44.1424,-22.7224,CEMADEN
330440904A,Lídice,Rio Claro,-44.19387,-22.83523,CEMADEN
330455704A,Praça Seca,Rio de Janeiro,-43.352,-22.896,CEMADEN
330455711A,Santa Cruz,Rio de Janeiro,-43.7175,-22.8897,CEMADEN
330455712A,Realengo Batan,Rio de Janeiro,-43.425,-22.864,CEMADEN
330455713A,Padre Miguel,Rio de Janeiro,-43.4507,-22.8689,CEMADEN
330455725A,Vigário Geral,Rio de Janeiro,-43.3101,-22.8131,CEMADEN
330455729A,Alto da Boa Vista,Rio de Janeiro,-43.2965,-22.9666,CEMADEN
330455731A,Usina,Rio de Janeiro,-43.258,-22.948,CEMADEN
330455732A,Higienópolis,Rio de Janeiro,-43.265,-22.869,CEMADEN
330460703A,Arranchadouro,Santa Maria Madalena,-42.003,-21.968,CEMADEN
330475502A,Barra de Itabapoana,São Francisco de Itabapoana,-40.967417,-21.300667,CEMADEN
330490403A,Vila Três,São Gonçalo,-42.996,-22.818,CEMADEN
330490412A,Arsenal,São Gonçalo,-43.005,-22.862,CEMADEN
330500001A,G2-330500001A,São João da Barra,-41.049724,-21.633587,CEMADEN
330500002A,G2-330500002A,São João da Barra,-41.030193,-21.709672,CEMADEN
330500003A,G2-330500003A,São João da Barra,-40.984951,-21.901919,CEMADEN
330510905A,Defesa Civil,São João de Meriti,-43.363,-22.784,CEMADEN
330515801A,Centro,São José do Vale do Rio Preto,-43.0181,-22.1989,CEMADEN
330530702A,Centro,São Sebastião do Alto,-42.134,-21.955,CEMADEN
330540601A,BR116-km14,Sapucaia,-42.74476,-21.9701,CEMADEN
330540602A,Est.Santa Rita,Sapucaia,-42.79464,-22.03232,CEMADEN
330540603A,Centro,Sapucaia,-42.913,-21.996,CEMADEN
330540604A,Secretaria de Transportes,Sapucaia,-42.98933,-22.03832,CEMADEN
330550504A,Verde Vale,Saquarema,-42.47537,-22.900889,CEMADEN
330555404A,Coletivo Santa Alice,Seropédica,-43.654,-22.709,CEMADEN
330570307A,Centro,Sumidouro,-42.673,-22.048,CEMADEN
330570308H,Rio Paquequer,Sumidouro,-42.6756,-22.0481,CEMADEN
330575201A,Centro,Tanguá,-42.733,-22.736,CEMADEN
330580202G,Quinta do Paraíso,Teresópolis,-42.958196,-22.389298,CEMADEN
330580204A,São Pedro ,Teresópolis,-42.962,-22.428,CEMADEN
330580204G,Campo Limpo,Teresópolis,-42.893536,-22.305741,CEMADEN
330580205G,Parnaso,Teresópolis,-42.987225,-22.448883,CEMADEN
330580209A,Vieira,Teresópolis,-42.737,-22.262,CEMADEN
330580213A,Morro dos Pinheiros,Teresópolis,-42.966,-22.417,CEMADEN
330580214A,Parque do Imbui,Teresópolis,-42.998,-22.39,CEMADEN
330580216A,Vieira2,Teresópolis,-42.723,-22.282,CEMADEN
330580217A,Tres Corregos,Teresópolis,-42.944,-22.353,CEMADEN
330580219A,Bonsucesso,Teresópolis,-42.796,-22.275,CEMADEN
330580220A,Vargem Grande,Teresópolis,-42.872,-22.374,CEMADEN
330580225A,Serra do Capim,Teresópolis,-42.851,-22.182,CEMADEN
330580227A,Volta do Pião,Teresópolis,-42.96826,-22.40342,CEMADEN
330590102A,Avenida Amaral Teixeira,Trajano de Moraes,-42.07,-22.079,CEMADEN
330590104A,Sede Defesa Civil,Trajano de Moraes,-42.068,-22.064,CEMADEN
330600804A,Moura Brasil,Três Rios,-43.149,-22.131,CEMADEN
330615601A,G2-330615601A,Varre-sai,-41.867734,-20.931417,CEMADEN
330615602A,G2-330615602A,Varre-sai,-41.866986,-20.9281,CEMADEN
330615603A,G2-330615603A,Varre-sai,-41.743067,-20.857601,CEMADEN
330620601A,Centro,Vassouras,-43.65986,-22.40897,CEMADEN
330630501A,Retiro,Volta Redonda,-44.1159,-22.5017,CEMADEN
